id,交易筆棟數,建物現況格局-房,鄉鎮市區,電梯,建物型態,主要用途,總樓層數,主建物面積,有無管理組織
1,0,4,安樂區,無,公寓(5樓含以下無電梯),住家用,5,85.34,有
2,1,0,暖暖區,有,住宅大樓(11層含以上有電梯),商業用,12,184.71,有
3,0,3,仁愛區,無,公寓(5樓含以下無電梯),住家用,6,139.25,無
4,0,3,中正區,無,公寓(5樓含以下無電梯),住家用,5,82.98,無
5,0,1,安樂區,無,公寓(5樓含以下無電梯),住家用,5,22.77,無
6,0,3,中正區,無,公寓(5樓含以下無電梯),住家用,5,63.53,無
7,1,3,安樂區,有,住宅大樓(11層含以上有電梯),住家用,12,93.86,有
8,1,3,中正區,有,住宅大樓(11層含以上有電梯),住家用,17,80.35,有
9,0,3,中正區,無,公寓(5樓含以下無電梯),住家用,4,79.46,無
10,0,4,安樂區,有,住宅大樓(11層含以上有電梯),住家用,14,104.12,有
11,1,3,暖暖區,有,住宅大樓(11層含以上有電梯),住家用,11,77.78,有
12,0,3,信義區,無,公寓(5樓含以下無電梯),住家用,5,73.84,無
13,0,0,中正區,有,住宅大樓(11層含以上有電梯),住家用,23,18.52,有
14,1,3,暖暖區,有,住宅大樓(11層含以上有電梯),住家用,13,68.43,有
15,0,0,中正區,有,住宅大樓(11層含以上有電梯),住家用,23,19.72,有
16,0,3,安樂區,無,公寓(5樓含以下無電梯),住家用,4,69.95,無
17,0,1,安樂區,有,住宅大樓(11層含以上有電梯),住家用,12,25.96,有
18,0,2,信義區,有,華廈(10層含以下有電梯),住家用,9,56.19,有
19,0,1,信義區,有,住宅大樓(11層含以上有電梯),住家用,16,26.8,有
20,0,5,中正區,無,透天厝,住家用,2,55.76,無
21,0,2,暖暖區,有,住宅大樓(11層含以上有電梯),住家用,15,41.07,有
22,0,0,中正區,無,透天厝,住家用,2,82.36,無
23,0,3,中正區,無,公寓(5樓含以下無電梯),住家用,4,114.89,無
24,0,3,暖暖區,有,華廈(10層含以下有電梯),住家用,6,80.88,有
25,0,3,信義區,無,公寓(5樓含以下無電梯),住家用,4,65.52,無
26,0,3,信義區,無,公寓(5樓含以下無電梯),住家用,5,100.94,無
27,1,4,安樂區,有,住宅大樓(11層含以上有電梯),住家用,11,61.15,有
28,0,2,中正區,無,公寓(5樓含以下無電梯),住家用,5,66.36,無
29,0,3,安樂區,無,公寓(5樓含以下無電梯),住家用,5,66.92,無
30,0,2,信義區,無,公寓(5樓含以下無電梯),住家用,5,52.4,無
31,0,3,暖暖區,有,華廈(10層含以下有電梯),住家用,9,56.95,有
32,0,3,安樂區,有,住宅大樓(11層含以上有電梯),住家用,15,100.64,有
33,1,4,安樂區,有,住宅大樓(11層含以上有電梯),住家用,11,61.15,有
34,1,5,安樂區,無,透天厝,住家用,5,318.84,無
35,0,1,暖暖區,有,華廈(10層含以下有電梯),住家用,9,27.69,有
36,0,0,安樂區,有,住宅大樓(11層含以上有電梯),商業用,13,79.54,有
37,0,4,安樂區,無,透天厝,住家用,2,25.35,無
38,1,4,七堵區,有,住宅大樓(11層含以上有電梯),住家用,16,113.88,有
39,0,1,仁愛區,無,公寓(5樓含以下無電梯),住家用,4,38.75,無
40,0,4,中山區,無,透天厝,住家用,3,95.39,有
41,1,3,信義區,有,華廈(10層含以下有電梯),住家用,7,92.35,有
42,0,2,中正區,有,住宅大樓(11層含以上有電梯),住家用,16,58.11,有
43,1,3,中山區,有,華廈(10層含以下有電梯),住家用,8,78.68,有
44,0,1,中正區,無,透天厝,住家用,2,17.9,無
45,0,4,仁愛區,無,透天厝,住家用,2,67.5,無
46,0,2,暖暖區,有,華廈(10層含以下有電梯),住家用,6,44.78,有
47,0,3,中正區,無,公寓(5樓含以下無電梯),住家用,4,79.78,無
48,1,3,暖暖區,有,住宅大樓(11層含以上有電梯),住家用,14,100.52,有
49,0,2,安樂區,有,住宅大樓(11層含以上有電梯),住家用,12,55.61,有
50,0,1,七堵區,有,住宅大樓(11層含以上有電梯),商業用,13,30.33,有
51,0,3,中正區,無,公寓(5樓含以下無電梯),住家用,5,81,無
52,0,3,安樂區,有,華廈(10層含以下有電梯),住家用,7,81.94,有
53,1,3,七堵區,有,住宅大樓(11層含以上有電梯),住家用,11,22.04,有
54,0,2,中山區,無,公寓(5樓含以下無電梯),住家用,5,65.52,有
55,1,3,中正區,有,住宅大樓(11層含以上有電梯),住家用,14,88.79,有
56,0,2,信義區,有,華廈(10層含以下有電梯),住家用,7,64.59,有
57,0,3,暖暖區,無,公寓(5樓含以下無電梯),住家用,4,87.53,無
58,0,0,仁愛區,無,公寓(5樓含以下無電梯),住家用,4,72.05,無
59,0,3,安樂區,無,公寓(5樓含以下無電梯),住家用,5,81.12,有
60,0,0,仁愛區,無,透天厝,住家用,2,161.84,無
61,0,1,暖暖區,有,華廈(10層含以下有電梯),住家用,9,38.79,有
62,0,0,安樂區,無,公寓(5樓含以下無電梯),住家用,5,42.24,無
63,0,2,安樂區,無,公寓(5樓含以下無電梯),住家用,4,69.95,無
64,1,3,信義區,有,華廈(10層含以下有電梯),住家用,6,95.52,有
65,0,3,信義區,無,公寓(5樓含以下無電梯),住家用,5,107.71,無
66,0,0,安樂區,有,住宅大樓(11層含以上有電梯),商業用,13,55.68,有
67,0,3,七堵區,無,公寓(5樓含以下無電梯),住家用,5,110.91,無
68,0,3,信義區,有,華廈(10層含以下有電梯),住家用,7,103.09,有
69,0,3,信義區,有,華廈(10層含以下有電梯),住家用,7,103.09,有
70,0,2,安樂區,無,公寓(5樓含以下無電梯),住家用,4,69.3,無
71,0,3,暖暖區,無,公寓(5樓含以下無電梯),住家用,4,75.99,無
72,0,2,中山區,無,公寓(5樓含以下無電梯),住家用,5,77.42,無
73,0,3,暖暖區,無,公寓(5樓含以下無電梯),住家用,5,79.39,無
74,0,2,信義區,無,公寓(5樓含以下無電梯),住家用,5,65.39,無
75,0,3,安樂區,有,住宅大樓(11層含以上有電梯),住家用,18,63.01,有
76,1,3,暖暖區,有,華廈(10層含以下有電梯),住家用,9,54.12,有
77,0,4,信義區,無,透天厝,住家用,2,93.94,無
78,0,3,信義區,無,公寓(5樓含以下無電梯),住家用,4,80.66,無
79,0,1,中正區,有,住宅大樓(11層含以上有電梯),住家用,18,42.35,有
80,0,3,安樂區,無,公寓(5樓含以下無電梯),住家用,4,75.26,無
81,0,2,中山區,無,公寓(5樓含以下無電梯),其他,5,65.58,無
82,0,3,安樂區,無,公寓(5樓含以下無電梯),住家用,5,95.13,無
83,0,2,中正區,無,公寓(5樓含以下無電梯),住家用,4,60.78,無
84,0,3,安樂區,有,華廈(10層含以下有電梯),住家用,10,84.9,有
85,0,1,中正區,有,住宅大樓(11層含以上有電梯),住家用,23,21.22,有
86,0,2,中正區,有,華廈(10層含以下有電梯),住家用,8,62.01,有
87,0,2,中正區,無,公寓(5樓含以下無電梯),住家用,5,66.39,無
88,0,0,七堵區,有,華廈(10層含以下有電梯),工業用,6,448.58,無
89,1,3,信義區,有,華廈(10層含以下有電梯),住家用,9,121.23,有
90,0,3,中山區,無,透天厝,住商用,4,126.43,無
91,1,2,中正區,有,住宅大樓(11層含以上有電梯),住家用,14,63.21,有
92,0,4,暖暖區,無,透天厝,住家用,2,76.76,無
93,1,2,中正區,有,住宅大樓(11層含以上有電梯),住家用,14,62.06,有
94,0,2,信義區,無,公寓(5樓含以下無電梯),住家用,4,56.82,無
95,0,3,信義區,無,公寓(5樓含以下無電梯),其他,5,121.04,無
96,0,4,信義區,無,公寓(5樓含以下無電梯),住家用,5,114.67,無
97,1,2,暖暖區,有,住宅大樓(11層含以上有電梯),住家用,17,71.6,有
98,0,4,中正區,無,透天厝,住家用,1,10.15,無
99,1,3,七堵區,有,住宅大樓(11層含以上有電梯),住家用,13,78.32,有
100,1,3,信義區,有,華廈(10層含以下有電梯),住家用,10,55.42,有
101,0,3,安樂區,有,住宅大樓(11層含以上有電梯),住家用,13,58.15,有
102,0,3,安樂區,無,公寓(5樓含以下無電梯),住家用,4,76,無
103,0,4,中正區,無,公寓(5樓含以下無電梯),住家用,5,99.47,無
104,0,3,安樂區,無,公寓(5樓含以下無電梯),住家用,5,86.22,無
105,0,3,信義區,有,華廈(10層含以下有電梯),住家用,10,82.23,有
106,1,3,七堵區,有,住宅大樓(11層含以上有電梯),住家用,15,60.67,有
107,0,3,仁愛區,無,公寓(5樓含以下無電梯),住家用,4,56.86,無
108,0,3,安樂區,有,華廈(10層含以下有電梯),住家用,8,106.14,有
109,0,3,安樂區,無,公寓(5樓含以下無電梯),住家用,5,89.94,無
110,1,3,信義區,有,住宅大樓(11層含以上有電梯),住家用,15,119.51,有
111,1,3,信義區,有,住宅大樓(11層含以上有電梯),住家用,15,113.85,有
112,1,3,信義區,有,住宅大樓(11層含以上有電梯),住家用,15,114.01,有
113,2,3,信義區,有,住宅大樓(11層含以上有電梯),住家用,15,113.76,有
114,0,2,安樂區,有,住宅大樓(11層含以上有電梯),住家用,22,38.99,有
115,0,3,暖暖區,無,公寓(5樓含以下無電梯),住家用,2,78.68,無
116,0,3,中正區,無,公寓(5樓含以下無電梯),住家用,5,77.72,無
117,1,4,安樂區,有,住宅大樓(11層含以上有電梯),住家用,12,97.77,有
118,0,3,暖暖區,有,住宅大樓(11層含以上有電梯),住家用,11,66.96,有
119,0,1,仁愛區,無,公寓(5樓含以下無電梯),住家用,5,48.19,無
120,0,3,中正區,無,公寓(5樓含以下無電梯),住家用,5,88.78,無
121,1,3,仁愛區,有,華廈(10層含以下有電梯),住家用,5,83.12,有
122,0,3,信義區,有,華廈(10層含以下有電梯),住家用,7,81.1,有
123,0,3,中山區,無,公寓(5樓含以下無電梯),住家用,5,101.73,無
124,0,2,安樂區,無,公寓(5樓含以下無電梯),住家用,4,73.38,無
125,1,0,暖暖區,有,住宅大樓(11層含以上有電梯),商業用,12,155.68,有
126,0,4,七堵區,無,公寓(5樓含以下無電梯),住家用,4,80.24,無
127,0,3,七堵區,無,公寓(5樓含以下無電梯),住家用,5,80.42,無
128,0,3,中正區,無,公寓(5樓含以下無電梯),住家用,5,91,無
129,0,3,信義區,無,公寓(5樓含以下無電梯),住家用,5,82.82,無
130,1,4,安樂區,有,住宅大樓(11層含以上有電梯),住家用,12,109.34,有
131,1,2,中正區,有,住宅大樓(11層含以上有電梯),住家用,15,50.71,有
132,1,3,信義區,有,住宅大樓(11層含以上有電梯),住家用,15,105.08,有
133,1,3,七堵區,有,華廈(10層含以下有電梯),住家用,5,79.35,有
134,1,4,安樂區,無,透天厝,住家用,5,250.21,有
135,0,4,安樂區,無,公寓(5樓含以下無電梯),住家用,5,113.5,無
136,0,2,仁愛區,無,公寓(5樓含以下無電梯),住家用,5,68.42,無
137,0,1,信義區,無,公寓(5樓含以下無電梯),住家用,5,36.3,無
138,0,2,中正區,有,華廈(10層含以下有電梯),住家用,9,58.55,有
139,0,0,仁愛區,無,透天厝,住商用,4,366.38,無
140,1,3,中正區,有,住宅大樓(11層含以上有電梯),住家用,23,68.63,有
141,0,1,仁愛區,無,公寓(5樓含以下無電梯),住家用,5,92.18,無
142,2,3,信義區,有,住宅大樓(11層含以上有電梯),住家用,15,124.93,有
143,2,3,信義區,有,住宅大樓(11層含以上有電梯),住家用,15,113.76,有
144,2,3,信義區,有,住宅大樓(11層含以上有電梯),住家用,15,123.65,有
145,0,6,仁愛區,無,透天厝,住商用,4,70,無
146,0,3,信義區,有,華廈(10層含以下有電梯),住家用,7,74.58,有
147,1,0,七堵區,有,住宅大樓(11層含以上有電梯),住商用,11,49.74,無
148,0,2,中正區,無,公寓(5樓含以下無電梯),住家用,5,97.94,無
149,0,4,安樂區,無,透天厝,住家用,2,176.64,無
150,1,0,七堵區,有,其他,一般事務所,11,0,有
151,0,3,七堵區,無,公寓(5樓含以下無電梯),住家用,5,103.18,無
152,0,3,安樂區,有,華廈(10層含以下有電梯),住家用,7,81.63,有
153,0,2,仁愛區,無,透天厝,住家用,1,35.34,無
154,0,2,暖暖區,有,華廈(10層含以下有電梯),住家用,6,61.2,有
155,0,2,中山區,無,公寓(5樓含以下無電梯),住家用,6,46.99,無
156,1,3,中正區,有,住宅大樓(11層含以上有電梯),住家用,17,62.25,有
157,0,2,安樂區,無,公寓(5樓含以下無電梯),住家用,3,50.91,無
158,0,1,中正區,有,住宅大樓(11層含以上有電梯),住家用,16,50.71,有
159,1,3,暖暖區,有,住宅大樓(11層含以上有電梯),住家用,12,88.39,有
160,0,3,信義區,無,公寓(5樓含以下無電梯),住家用,5,76.31,無
161,0,4,中正區,無,公寓(5樓含以下無電梯),住家用,4,67.35,無
162,1,0,暖暖區,有,華廈(10層含以下有電梯),商業用,7,53.94,有
163,0,3,七堵區,無,公寓(5樓含以下無電梯),住家用,5,107.01,無
164,0,3,安樂區,無,公寓(5樓含以下無電梯),住家用,4,61.59,無
165,0,3,中山區,無,公寓(5樓含以下無電梯),住家用,5,85.86,無
166,0,2,安樂區,有,華廈(10層含以下有電梯),住家用,9,45.03,有
167,0,3,中山區,無,公寓(5樓含以下無電梯),住家用,5,63.57,無
168,0,0,安樂區,無,公寓(5樓含以下無電梯),住家用,5,54.35,有
169,0,3,信義區,無,公寓(5樓含以下無電梯),住家用,5,95.99,無
170,0,3,暖暖區,無,公寓(5樓含以下無電梯),住家用,4,81.51,無
171,0,3,安樂區,無,公寓(5樓含以下無電梯),住家用,4,68.99,無
172,0,1,安樂區,有,華廈(10層含以下有電梯),住家用,7,20.87,有
173,1,3,中山區,有,華廈(10層含以下有電梯),住家用,6,100.61,無
174,0,3,中正區,有,華廈(10層含以下有電梯),住家用,8,53.1,有
175,0,3,安樂區,有,華廈(10層含以下有電梯),住家用,7,55,無
176,0,3,暖暖區,無,公寓(5樓含以下無電梯),住家用,4,85.34,無
177,0,2,中山區,無,透天厝,住家用,2,65.54,無
178,0,3,安樂區,無,公寓(5樓含以下無電梯),住家用,5,100.86,無
179,0,3,暖暖區,無,公寓(5樓含以下無電梯),住家用,4,63.23,無
180,0,3,安樂區,有,住宅大樓(11層含以上有電梯),住家用,12,97.57,有
181,0,3,中正區,有,住宅大樓(11層含以上有電梯),住家用,18,84.45,有
182,0,3,安樂區,無,公寓(5樓含以下無電梯),住家用,5,73.65,無
183,0,2,中山區,無,公寓(5樓含以下無電梯),住家用,4,55.01,無
184,1,2,安樂區,有,住宅大樓(11層含以上有電梯),住家用,22,36.86,有
185,0,2,暖暖區,有,華廈(10層含以下有電梯),住家用,6,50.64,有
186,0,3,暖暖區,有,住宅大樓(11層含以上有電梯),住家用,14,84.5,有
187,0,3,安樂區,無,公寓(5樓含以下無電梯),住家用,4,68.25,無
188,0,3,仁愛區,無,公寓(5樓含以下無電梯),住家用,4,33.64,無
189,0,0,暖暖區,無,公寓(5樓含以下無電梯),住家用,5,97.7,無
190,0,3,暖暖區,有,住宅大樓(11層含以上有電梯),住家用,12,95.46,有
191,0,3,信義區,無,公寓(5樓含以下無電梯),住家用,5,79.13,無
192,1,0,中正區,有,華廈(10層含以下有電梯),辦公用,10,59.56,有
193,0,3,中山區,無,公寓(5樓含以下無電梯),住商用,5,74.22,無
194,1,2,暖暖區,有,華廈(10層含以下有電梯),住家用,5,126.15,無
195,1,1,中正區,有,住宅大樓(11層含以上有電梯),住家用,18,39.82,有
196,0,3,信義區,無,公寓(5樓含以下無電梯),住家用,4,59.46,無
197,0,3,仁愛區,無,公寓(5樓含以下無電梯),住家用,5,89.09,無
198,1,3,中正區,有,住宅大樓(11層含以上有電梯),住家用,16,80.75,有
199,0,5,七堵區,無,公寓(5樓含以下無電梯),住家用,4,77.7,無
200,0,3,暖暖區,無,公寓(5樓含以下無電梯),住家用,5,71.93,無
201,0,2,仁愛區,無,公寓(5樓含以下無電梯),住家用,5,69.45,無
202,0,3,安樂區,有,華廈(10層含以下有電梯),住家用,7,89.56,有
203,0,3,安樂區,無,公寓(5樓含以下無電梯),住家用,5,76.23,有
204,0,1,中正區,有,住宅大樓(11層含以上有電梯),住家用,18,25.26,有
205,0,2,安樂區,有,華廈(10層含以下有電梯),商業用,7,82.63,無
206,0,3,仁愛區,無,公寓(5樓含以下無電梯),住家用,5,42.37,無
207,1,2,暖暖區,有,住宅大樓(11層含以上有電梯),住家用,11,52.91,有
208,0,0,中正區,無,透天厝,辦公用,3,139.64,無
209,0,0,中正區,無,透天厝,辦公用,3,148.56,無
210,0,3,安樂區,有,住宅大樓(11層含以上有電梯),住家用,12,80.61,有
211,0,3,七堵區,無,公寓(5樓含以下無電梯),住家用,5,96.46,無
212,0,4,信義區,無,透天厝,住家用,2,98.47,有
213,0,1,中正區,無,公寓(5樓含以下無電梯),住家用,4,35.09,無
214,1,3,安樂區,有,住宅大樓(11層含以上有電梯),住家用,25,77.53,有
215,0,3,安樂區,無,公寓(5樓含以下無電梯),住家用,5,82.97,有
216,0,3,仁愛區,無,公寓(5樓含以下無電梯),住家用,4,61.9,無
217,0,3,安樂區,有,住宅大樓(11層含以上有電梯),住家用,22,77.16,有
218,0,0,暖暖區,有,華廈(10層含以下有電梯),商業用,5,74.02,有
219,0,2,安樂區,無,公寓(5樓含以下無電梯),住家用,5,61.77,無
220,1,3,安樂區,有,住宅大樓(11層含以上有電梯),住家用,12,79.78,有
221,1,3,仁愛區,有,住宅大樓(11層含以上有電梯),住家用,14,97.6,有
222,1,4,暖暖區,有,住宅大樓(11層含以上有電梯),住家用,11,118.6,有
223,1,2,中正區,有,華廈(10層含以下有電梯),住家用,9,61,有
224,0,1,中正區,無,公寓(5樓含以下無電梯),住家用,4,37.92,無
225,2,3,信義區,有,住宅大樓(11層含以上有電梯),住家用,15,124.03,有
226,1,3,七堵區,有,華廈(10層含以下有電梯),住家用,10,89.25,有
227,0,2,中正區,無,公寓(5樓含以下無電梯),住家用,5,115.48,無
228,0,3,安樂區,無,公寓(5樓含以下無電梯),住家用,5,83.64,無
229,0,3,安樂區,有,華廈(10層含以下有電梯),住家用,7,84.51,有
230,0,3,中正區,無,公寓(5樓含以下無電梯),商業用,4,107.87,無
231,1,2,信義區,有,華廈(10層含以下有電梯),住家用,7,79.14,有
232,0,0,中正區,無,公寓(5樓含以下無電梯),住家用,4,29.52,無
233,0,2,中正區,無,公寓(5樓含以下無電梯),住家用,5,66.36,無
234,0,1,中正區,有,華廈(10層含以下有電梯),住家用,6,33.6,有
235,0,3,安樂區,有,華廈(10層含以下有電梯),住家用,6,122.22,有
236,0,0,仁愛區,無,公寓(5樓含以下無電梯),辦公用,5,92.22,無
237,0,4,安樂區,無,公寓(5樓含以下無電梯),住家用,5,95.31,無
238,1,3,中正區,有,住宅大樓(11層含以上有電梯),住家用,15,80.69,有
239,0,3,中正區,有,住宅大樓(11層含以上有電梯),住家用,17,80.35,有
240,0,2,七堵區,無,透天厝,住家用,1,35.7,無
241,0,4,安樂區,有,華廈(10層含以下有電梯),住家用,7,104.54,有
242,0,2,安樂區,無,公寓(5樓含以下無電梯),住家用,5,54.09,有
243,1,4,信義區,有,透天厝,住家用,4,219.84,有
244,0,0,中正區,無,公寓(5樓含以下無電梯),住家用,4,29.52,無
245,0,7,信義區,無,透天厝,住家用,3,256.53,無
246,0,3,安樂區,無,公寓(5樓含以下無電梯),住家用,5,80.32,有
247,0,2,暖暖區,有,住宅大樓(11層含以上有電梯),住家用,12,47.46,有
248,0,1,中正區,有,住宅大樓(11層含以上有電梯),住家用,14,37.96,有
249,0,3,安樂區,有,華廈(10層含以下有電梯),住家用,8,87.52,有
250,0,3,中山區,無,公寓(5樓含以下無電梯),住家用,5,91.5,無
251,0,3,中正區,無,公寓(5樓含以下無電梯),住家用,5,75.31,無
252,0,1,仁愛區,有,住宅大樓(11層含以上有電梯),住家用,31,32.76,有
253,0,2,中正區,無,公寓(5樓含以下無電梯),住家用,3,72.29,無
254,1,3,安樂區,有,住宅大樓(11層含以上有電梯),住家用,25,77.53,有
255,0,3,安樂區,無,公寓(5樓含以下無電梯),住家用,4,77.7,無
256,1,3,安樂區,有,住宅大樓(11層含以上有電梯),住家用,13,74.98,有
257,0,4,安樂區,有,華廈(10層含以下有電梯),住家用,7,104.42,有
258,1,2,七堵區,有,住宅大樓(11層含以上有電梯),住家用,12,84.45,有
259,0,2,仁愛區,無,公寓(5樓含以下無電梯),住家用,5,50.83,無
260,1,3,暖暖區,有,華廈(10層含以下有電梯),住家用,10,79.19,有
261,0,3,信義區,無,公寓(5樓含以下無電梯),住家用,5,109.94,無
262,0,3,信義區,無,公寓(5樓含以下無電梯),住家用,5,111.33,無
263,0,3,仁愛區,無,公寓(5樓含以下無電梯),住商用,4,154.44,無
264,0,3,安樂區,無,公寓(5樓含以下無電梯),住家用,5,61.41,有
265,0,3,暖暖區,無,公寓(5樓含以下無電梯),住家用,4,81.95,無
266,0,2,中正區,無,公寓(5樓含以下無電梯),住家用,4,48.51,無
267,0,5,仁愛區,無,透天厝,住家用,2,80.1,無
268,1,2,安樂區,有,華廈(10層含以下有電梯),住家用,5,45.68,有
269,1,2,中正區,有,住宅大樓(11層含以上有電梯),住家用,15,50.92,有
270,0,4,信義區,無,透天厝,住商用,3,167.58,無
271,1,3,安樂區,有,華廈(10層含以下有電梯),住家用,5,65.36,有
272,1,3,安樂區,有,華廈(10層含以下有電梯),住家用,5,65.36,有
273,0,4,安樂區,無,公寓(5樓含以下無電梯),住家用,5,91.48,有
274,0,3,暖暖區,有,華廈(10層含以下有電梯),住家用,7,77.8,無
275,0,4,七堵區,有,住宅大樓(11層含以上有電梯),住家用,11,110.37,有
276,1,3,安樂區,有,華廈(10層含以下有電梯),住家用,5,65.36,有
277,0,0,仁愛區,無,透天厝,住家用,2,60.86,無
278,0,2,仁愛區,無,公寓(5樓含以下無電梯),住家用,4,60.21,無
279,1,2,中山區,有,住宅大樓(11層含以上有電梯),住家用,15,45.4,有
280,1,2,中山區,有,住宅大樓(11層含以上有電梯),住家用,15,45.4,有
281,1,2,中山區,有,住宅大樓(11層含以上有電梯),住家用,15,47.02,有
282,1,2,中山區,有,住宅大樓(11層含以上有電梯),住家用,15,47.02,有
283,1,0,中山區,有,住宅大樓(11層含以上有電梯),商業用,15,151.23,有
284,1,0,中山區,有,住宅大樓(11層含以上有電梯),商業用,15,151.23,有
285,1,2,中山區,有,住宅大樓(11層含以上有電梯),住家用,14,47.02,有
286,1,4,仁愛區,有,住宅大樓(11層含以上有電梯),住家用,31,122.21,有
287,0,0,中正區,有,住宅大樓(11層含以上有電梯),商業用,14,346.15,有
288,1,2,中山區,有,住宅大樓(11層含以上有電梯),住家用,15,47.71,有
289,0,2,中山區,有,住宅大樓(11層含以上有電梯),住家用,15,47.02,有
290,1,2,中山區,有,住宅大樓(11層含以上有電梯),住家用,15,47.02,有
291,1,2,中山區,有,住宅大樓(11層含以上有電梯),住家用,15,47.02,有
292,1,2,中山區,有,住宅大樓(11層含以上有電梯),住家用,14,47.71,有
293,1,2,中山區,有,住宅大樓(11層含以上有電梯),住家用,14,47.02,有
294,1,2,中山區,有,住宅大樓(11層含以上有電梯),住家用,15,47.02,有
295,1,4,中山區,有,住宅大樓(11層含以上有電梯),住家用,14,78.06,有
296,1,3,中山區,有,住宅大樓(11層含以上有電梯),住家用,14,66,有
297,1,2,中山區,有,住宅大樓(11層含以上有電梯),住家用,14,47.02,有
298,1,0,中山區,有,住宅大樓(11層含以上有電梯),商業用,14,141.95,有
299,0,2,中山區,有,住宅大樓(11層含以上有電梯),住家用,15,46.51,有
300,1,2,中山區,有,住宅大樓(11層含以上有電梯),住家用,14,47.02,有
301,1,2,中山區,有,住宅大樓(11層含以上有電梯),住家用,15,47.02,有
302,1,3,中山區,有,住宅大樓(11層含以上有電梯),住家用,15,66,有
303,1,2,中山區,有,住宅大樓(11層含以上有電梯),住家用,15,46.92,有
304,1,3,中山區,有,住宅大樓(11層含以上有電梯),住家用,15,66.77,有
305,1,2,中山區,有,住宅大樓(11層含以上有電梯),住家用,15,47.02,有
306,1,4,中山區,有,住宅大樓(11層含以上有電梯),住家用,15,77.8,有
307,1,4,中山區,有,住宅大樓(11層含以上有電梯),住家用,15,77.8,有
308,1,2,中山區,有,住宅大樓(11層含以上有電梯),住家用,14,46.86,有
309,0,3,中山區,有,住宅大樓(11層含以上有電梯),住家用,14,58.92,有
310,1,2,中山區,有,住宅大樓(11層含以上有電梯),住家用,15,47.71,有
311,1,4,中山區,有,住宅大樓(11層含以上有電梯),住家用,15,78.06,有
312,1,4,中山區,有,住宅大樓(11層含以上有電梯),住家用,15,78.06,有
313,1,3,中山區,有,住宅大樓(11層含以上有電梯),住家用,15,66.92,有
314,1,4,中山區,有,住宅大樓(11層含以上有電梯),住家用,15,77.79,有
315,1,2,中山區,有,住宅大樓(11層含以上有電梯),住家用,14,46.86,有
316,1,2,中山區,有,住宅大樓(11層含以上有電梯),住家用,15,45.4,有
317,1,3,中山區,有,住宅大樓(11層含以上有電梯),住家用,14,66.9,有
318,1,2,中山區,有,住宅大樓(11層含以上有電梯),住家用,14,46.86,有
319,1,4,中山區,有,住宅大樓(11層含以上有電梯),住家用,15,77.27,有
320,1,4,中山區,有,住宅大樓(11層含以上有電梯),住家用,15,77.79,有
321,1,2,中山區,有,住宅大樓(11層含以上有電梯),住家用,15,46.92,有
322,1,2,中山區,有,住宅大樓(11層含以上有電梯),住家用,15,47.02,有
323,1,3,中山區,有,住宅大樓(11層含以上有電梯),住家用,15,58.92,有
324,1,2,中山區,有,住宅大樓(11層含以上有電梯),住家用,15,46.4,有
325,1,2,中山區,有,住宅大樓(11層含以上有電梯),住家用,15,46.4,有
326,1,2,中山區,有,住宅大樓(11層含以上有電梯),住家用,15,46.16,有
327,1,2,中山區,有,住宅大樓(11層含以上有電梯),住家用,15,46.16,有
328,1,2,中山區,有,住宅大樓(11層含以上有電梯),住家用,15,47.02,有
329,1,3,中山區,有,住宅大樓(11層含以上有電梯),住家用,15,66.77,有
330,1,2,中山區,有,住宅大樓(11層含以上有電梯),住家用,15,47.02,有
331,1,3,中山區,有,住宅大樓(11層含以上有電梯),住家用,15,66.96,有
332,1,3,中山區,有,住宅大樓(11層含以上有電梯),住家用,15,66.68,有
333,1,2,中山區,有,住宅大樓(11層含以上有電梯),住家用,15,47.02,有
334,1,3,中山區,有,住宅大樓(11層含以上有電梯),住家用,15,58.92,有
335,1,4,中山區,有,住宅大樓(11層含以上有電梯),住家用,15,77.79,有
336,1,4,中山區,有,住宅大樓(11層含以上有電梯),住家用,14,78.14,有
337,1,4,中山區,有,住宅大樓(11層含以上有電梯),住家用,15,76.06,有
338,0,2,中山區,有,住宅大樓(11層含以上有電梯),住家用,15,46.16,有
339,1,2,中山區,有,住宅大樓(11層含以上有電梯),住家用,15,46.92,有
340,1,4,中山區,有,住宅大樓(11層含以上有電梯),住家用,14,77.79,有
341,1,2,中山區,有,住宅大樓(11層含以上有電梯),住家用,14,46.86,有
342,1,4,中山區,有,住宅大樓(11層含以上有電梯),住家用,15,76.06,有
343,1,2,中山區,有,住宅大樓(11層含以上有電梯),住家用,14,47.71,有
344,1,3,中山區,有,住宅大樓(11層含以上有電梯),住家用,14,58.92,有
345,1,4,中山區,有,住宅大樓(11層含以上有電梯),住家用,15,76.06,有
346,1,2,中山區,有,住宅大樓(11層含以上有電梯),住家用,14,45.4,有
347,1,2,中山區,有,住宅大樓(11層含以上有電梯),住家用,14,47.02,有
348,1,2,中山區,有,住宅大樓(11層含以上有電梯),住家用,14,47.02,有
349,1,4,中山區,有,住宅大樓(11層含以上有電梯),住家用,15,77.79,有
350,0,2,中山區,有,住宅大樓(11層含以上有電梯),住家用,15,47.02,有
351,1,3,中山區,有,住宅大樓(11層含以上有電梯),住家用,15,66.55,有
352,1,3,中山區,有,住宅大樓(11層含以上有電梯),住家用,15,66.55,有
353,1,2,中山區,有,住宅大樓(11層含以上有電梯),住家用,15,45.4,有
354,1,2,中山區,有,住宅大樓(11層含以上有電梯),住家用,15,46.4,有
355,0,2,中山區,有,住宅大樓(11層含以上有電梯),住家用,15,46.16,有
356,1,2,中山區,有,住宅大樓(11層含以上有電梯),住家用,15,47.02,有
357,1,2,中山區,有,住宅大樓(11層含以上有電梯),住家用,15,47.02,有
358,1,3,中山區,有,住宅大樓(11層含以上有電梯),住家用,15,58.92,有
359,1,3,中山區,有,住宅大樓(11層含以上有電梯),住家用,15,66.2,有
360,1,3,中山區,有,住宅大樓(11層含以上有電梯),住家用,15,66.77,有
361,1,2,中山區,有,住宅大樓(11層含以上有電梯),住家用,15,46.16,有
362,1,2,中山區,有,住宅大樓(11層含以上有電梯),住家用,15,46.16,有
363,1,2,中山區,有,住宅大樓(11層含以上有電梯),住家用,15,47.02,有
364,1,2,中山區,有,住宅大樓(11層含以上有電梯),住家用,15,45.97,有
365,1,3,中山區,有,住宅大樓(11層含以上有電梯),住家用,15,66.68,有
366,1,2,中山區,有,住宅大樓(11層含以上有電梯),住家用,15,46.06,有
367,1,3,中山區,有,住宅大樓(11層含以上有電梯),住家用,15,58.98,有
368,1,2,中山區,有,住宅大樓(11層含以上有電梯),住家用,15,46.4,有
369,1,2,中山區,有,住宅大樓(11層含以上有電梯),住家用,15,46.16,有
370,1,2,中山區,有,住宅大樓(11層含以上有電梯),住家用,15,47.02,有
371,1,2,中山區,有,住宅大樓(11層含以上有電梯),住家用,15,46.16,有
372,1,3,中山區,有,住宅大樓(11層含以上有電梯),住家用,15,66.77,有
373,0,2,中山區,有,住宅大樓(11層含以上有電梯),住家用,15,47.02,有
374,1,3,中山區,有,住宅大樓(11層含以上有電梯),住家用,14,66.55,有
375,1,3,中山區,有,住宅大樓(11層含以上有電梯),住家用,15,58.92,有
376,1,2,中山區,有,住宅大樓(11層含以上有電梯),住家用,15,46.16,有
377,1,2,中山區,有,住宅大樓(11層含以上有電梯),住家用,15,45.4,有
378,1,3,中山區,有,住宅大樓(11層含以上有電梯),住家用,15,66.77,有
379,1,2,中山區,有,住宅大樓(11層含以上有電梯),住家用,15,46.4,有
380,0,2,中山區,有,住宅大樓(11層含以上有電梯),住家用,15,46.16,有
381,1,3,中山區,有,住宅大樓(11層含以上有電梯),住家用,15,58.92,有
382,1,3,中山區,有,住宅大樓(11層含以上有電梯),住家用,15,58.87,有
383,2,4,中山區,有,住宅大樓(11層含以上有電梯),住家用,15,78.1,有
384,1,2,中山區,有,住宅大樓(11層含以上有電梯),住家用,15,46.06,有
385,2,3,中山區,有,住宅大樓(11層含以上有電梯),住家用,15,66.68,有
386,1,3,中山區,有,住宅大樓(11層含以上有電梯),住家用,15,58.87,有
387,1,4,中山區,有,住宅大樓(11層含以上有電梯),住家用,15,77.8,有
388,1,2,中山區,有,住宅大樓(11層含以上有電梯),住家用,15,45.97,有
389,1,2,中山區,有,住宅大樓(11層含以上有電梯),住家用,14,47.71,有
390,1,2,中山區,有,住宅大樓(11層含以上有電梯),住家用,14,45.4,有
391,1,2,中山區,有,住宅大樓(11層含以上有電梯),住家用,15,46.4,有
392,1,3,中山區,有,住宅大樓(11層含以上有電梯),住家用,15,66.77,有
393,1,2,中山區,有,住宅大樓(11層含以上有電梯),住家用,15,47.02,有
394,1,2,中山區,有,住宅大樓(11層含以上有電梯),住家用,15,45.4,有
395,1,4,中山區,有,住宅大樓(11層含以上有電梯),住家用,15,78.06,有
396,1,2,中山區,有,住宅大樓(11層含以上有電梯),住家用,15,46.86,有
397,1,2,中山區,有,住宅大樓(11層含以上有電梯),住家用,15,46.34,有
398,1,3,中山區,有,住宅大樓(11層含以上有電梯),住家用,15,66.2,有
399,0,2,中山區,有,住宅大樓(11層含以上有電梯),住家用,15,46.4,有
400,1,2,中山區,有,住宅大樓(11層含以上有電梯),住家用,14,46.16,有
401,1,2,中山區,有,住宅大樓(11層含以上有電梯),住家用,14,47.71,有
402,1,3,中山區,有,住宅大樓(11層含以上有電梯),住家用,14,58.92,有
403,1,2,中山區,有,住宅大樓(11層含以上有電梯),住家用,14,45.4,有
404,1,3,中山區,有,住宅大樓(11層含以上有電梯),住家用,15,66.77,有
405,1,2,中山區,有,住宅大樓(11層含以上有電梯),住家用,15,45.4,有
406,1,4,中山區,有,住宅大樓(11層含以上有電梯),住家用,14,77.81,有
407,1,4,中山區,有,住宅大樓(11層含以上有電梯),住家用,14,77.81,有
408,1,2,中山區,有,住宅大樓(11層含以上有電梯),住家用,14,46.16,有
409,1,3,中山區,有,住宅大樓(11層含以上有電梯),住家用,14,66.55,有
410,1,2,中山區,有,住宅大樓(11層含以上有電梯),住家用,15,47.71,有
411,1,2,中山區,有,住宅大樓(11層含以上有電梯),住家用,15,46.4,有
412,1,3,中山區,有,住宅大樓(11層含以上有電梯),住家用,15,66.77,有
413,1,2,中山區,有,住宅大樓(11層含以上有電梯),住家用,15,46.4,有
414,0,2,中山區,有,住宅大樓(11層含以上有電梯),住家用,15,48.66,有
415,1,2,中山區,有,住宅大樓(11層含以上有電梯),住家用,15,47.71,有
416,1,3,中山區,有,住宅大樓(11層含以上有電梯),住家用,15,58.92,有
417,1,3,中山區,有,住宅大樓(11層含以上有電梯),住家用,15,58.72,有
418,1,2,中山區,有,住宅大樓(11層含以上有電梯),住家用,15,47.71,有
419,1,2,中山區,有,住宅大樓(11層含以上有電梯),住家用,15,46.16,有
420,1,3,中山區,有,住宅大樓(11層含以上有電梯),住家用,15,58.92,有
421,1,3,中山區,有,住宅大樓(11層含以上有電梯),住家用,15,58.92,有
422,1,4,中山區,有,住宅大樓(11層含以上有電梯),住家用,15,76.06,有
423,0,2,中山區,有,住宅大樓(11層含以上有電梯),住家用,14,47.71,有
424,0,2,中山區,有,住宅大樓(11層含以上有電梯),住家用,14,47.71,有
425,1,3,中山區,有,住宅大樓(11層含以上有電梯),住家用,15,66.77,有
426,0,2,中山區,有,住宅大樓(11層含以上有電梯),住家用,15,46.51,有
427,0,2,中山區,有,住宅大樓(11層含以上有電梯),住家用,15,46.4,有
428,0,2,中山區,有,住宅大樓(11層含以上有電梯),住家用,15,46.4,有
429,1,2,中山區,有,住宅大樓(11層含以上有電梯),住家用,15,47.71,有
430,2,4,中山區,有,住宅大樓(11層含以上有電梯),住家用,15,76.06,有
431,1,3,中山區,有,住宅大樓(11層含以上有電梯),住家用,15,58.92,有
432,1,2,中山區,有,住宅大樓(11層含以上有電梯),住家用,15,47.71,有
433,1,3,中山區,有,住宅大樓(11層含以上有電梯),住家用,15,66.77,有
434,1,3,中山區,有,住宅大樓(11層含以上有電梯),住家用,15,66.92,有
435,0,2,中山區,有,住宅大樓(11層含以上有電梯),住家用,14,47.71,有
436,2,0,中山區,有,住宅大樓(11層含以上有電梯),商業用,15,199.04,有
437,1,0,中山區,有,住宅大樓(11層含以上有電梯),商業用,15,166.39,有
438,1,4,中山區,有,住宅大樓(11層含以上有電梯),住家用,15,76.06,有
439,1,4,中山區,有,住宅大樓(11層含以上有電梯),住家用,15,76.06,有
440,1,4,中山區,有,住宅大樓(11層含以上有電梯),住家用,15,76.06,有
441,1,2,中山區,有,住宅大樓(11層含以上有電梯),住家用,15,47.71,有
442,1,4,中山區,有,住宅大樓(11層含以上有電梯),住家用,14,78.14,有
443,1,3,中山區,有,住宅大樓(11層含以上有電梯),住家用,14,66.55,有
444,1,2,中山區,有,住宅大樓(11層含以上有電梯),住家用,14,46.86,有
445,1,2,中山區,有,住宅大樓(11層含以上有電梯),住家用,14,46.86,有
446,1,3,中山區,有,住宅大樓(11層含以上有電梯),住家用,14,58.92,有
447,1,2,中山區,有,住宅大樓(11層含以上有電梯),住家用,14,47.71,有
448,1,3,中山區,有,住宅大樓(11層含以上有電梯),住家用,15,58.92,有
449,1,2,中山區,有,住宅大樓(11層含以上有電梯),住家用,15,45.4,有
450,1,2,中山區,有,住宅大樓(11層含以上有電梯),住家用,15,47.71,有
451,1,2,中山區,有,住宅大樓(11層含以上有電梯),住家用,15,45.4,有
452,2,4,中山區,有,住宅大樓(11層含以上有電梯),住家用,15,76.06,有
453,1,4,中山區,有,住宅大樓(11層含以上有電梯),住家用,15,76.06,有
454,1,2,中山區,有,住宅大樓(11層含以上有電梯),住家用,15,46.02,有
455,1,3,中山區,有,住宅大樓(11層含以上有電梯),住家用,14,58.92,有
456,1,0,中山區,有,住宅大樓(11層含以上有電梯),商業用,15,93.97,有
457,1,2,中山區,有,住宅大樓(11層含以上有電梯),住家用,15,48.66,有
458,1,2,中山區,有,住宅大樓(11層含以上有電梯),住家用,15,48.66,有
459,1,2,中山區,有,住宅大樓(11層含以上有電梯),住家用,15,48.66,有
460,1,2,中山區,有,住宅大樓(11層含以上有電梯),住家用,15,45.97,有
461,2,4,中山區,有,住宅大樓(11層含以上有電梯),住家用,15,77.8,有
462,1,4,中山區,有,住宅大樓(11層含以上有電梯),住家用,15,66.68,有
463,1,2,中山區,有,住宅大樓(11層含以上有電梯),住家用,15,47.71,有
464,1,2,中山區,有,住宅大樓(11層含以上有電梯),住家用,15,47.71,有
465,0,2,中山區,有,住宅大樓(11層含以上有電梯),住家用,15,45.4,有
466,2,3,中山區,有,住宅大樓(11層含以上有電梯),住家用,14,58.92,有
467,1,3,中山區,有,住宅大樓(11層含以上有電梯),住家用,15,58.92,有
468,1,2,中山區,有,住宅大樓(11層含以上有電梯),住家用,15,47.71,有
469,1,3,中山區,有,住宅大樓(11層含以上有電梯),住家用,15,58.92,有
470,1,3,中山區,有,住宅大樓(11層含以上有電梯),住家用,15,66.77,有
471,1,3,中山區,有,住宅大樓(11層含以上有電梯),住家用,14,58.92,有
472,1,3,中山區,有,住宅大樓(11層含以上有電梯),住家用,15,58.92,有
473,0,2,中山區,有,住宅大樓(11層含以上有電梯),住家用,15,45.4,有
474,1,2,中山區,有,住宅大樓(11層含以上有電梯),住家用,15,45.4,有
475,1,4,中山區,有,住宅大樓(11層含以上有電梯),住家用,15,77.79,有
476,1,3,中山區,有,住宅大樓(11層含以上有電梯),住家用,15,58.92,有
477,1,3,中山區,有,住宅大樓(11層含以上有電梯),住家用,15,66.92,有
478,2,4,中山區,有,住宅大樓(11層含以上有電梯),住家用,15,76.29,有
479,1,3,中山區,有,住宅大樓(11層含以上有電梯),住家用,15,58.98,有
480,1,3,中山區,有,住宅大樓(11層含以上有電梯),住家用,15,58.87,有
481,1,3,中山區,有,住宅大樓(11層含以上有電梯),住家用,15,66.77,有
482,1,3,中山區,有,住宅大樓(11層含以上有電梯),住家用,14,66.55,有
483,1,4,中山區,有,住宅大樓(11層含以上有電梯),住家用,14,77.81,有
484,1,4,中山區,有,住宅大樓(11層含以上有電梯),住家用,14,77.81,有
485,1,3,中山區,有,住宅大樓(11層含以上有電梯),住家用,15,58.98,有
486,1,2,中山區,有,住宅大樓(11層含以上有電梯),住家用,15,45.4,有
487,1,2,中山區,有,住宅大樓(11層含以上有電梯),住家用,15,47.71,有
488,1,2,中山區,有,住宅大樓(11層含以上有電梯),住家用,15,45.4,有
489,1,2,中山區,有,住宅大樓(11層含以上有電梯),住家用,15,47.02,有
490,0,4,中正區,無,公寓(5樓含以下無電梯),住家用,5,106.08,無
491,0,3,中正區,有,住宅大樓(11層含以上有電梯),住家用,15,86.99,有
492,1,4,信義區,有,透天厝,住家用,4,268.71,有
493,0,2,七堵區,有,華廈(10層含以下有電梯),住家用,10,71.07,有
494,0,5,中山區,無,公寓(5樓含以下無電梯),住商用,5,155.59,無
495,0,2,七堵區,無,公寓(5樓含以下無電梯),住家用,4,63,無
496,0,4,中正區,無,透天厝,住家用,3,50.4,無
497,0,3,中山區,無,公寓(5樓含以下無電梯),住家用,2,77.33,無
498,0,3,中正區,有,住宅大樓(11層含以上有電梯),住家用,16,117.42,有
499,0,2,中山區,無,透天厝,住家用,2,42.36,無
500,1,0,信義區,有,住宅大樓(11層含以上有電梯),住家用,16,26.8,有
501,0,3,暖暖區,無,公寓(5樓含以下無電梯),住家用,2,71.71,無
502,0,3,七堵區,無,透天厝,住家用,3,289.7,有
503,0,3,中正區,無,公寓(5樓含以下無電梯),住家用,5,79.84,無
504,0,3,暖暖區,無,透天厝,住家用,2,123.16,無
505,0,3,中正區,無,公寓(5樓含以下無電梯),住家用,5,74.52,無
506,0,4,暖暖區,無,公寓(5樓含以下無電梯),住家用,4,109.22,無
507,0,3,仁愛區,無,公寓(5樓含以下無電梯),住家用,4,79.64,無
508,0,3,安樂區,有,華廈(10層含以下有電梯),住家用,7,106.51,有
509,0,3,仁愛區,無,公寓(5樓含以下無電梯),住家用,5,125.97,無
510,0,1,七堵區,有,住宅大樓(11層含以上有電梯),住家用,12,33.48,有
511,0,3,安樂區,無,公寓(5樓含以下無電梯),住家用,5,70.65,無
512,0,3,中正區,無,公寓(5樓含以下無電梯),住家用,5,74.06,無
513,0,1,中正區,有,華廈(10層含以下有電梯),住家用,9,33.86,有
514,0,2,安樂區,有,華廈(10層含以下有電梯),住家用,7,53.23,有
515,1,3,安樂區,有,華廈(10層含以下有電梯),住家用,7,85.48,有
516,0,3,安樂區,無,公寓(5樓含以下無電梯),住家用,5,66.85,無
517,0,3,安樂區,無,公寓(5樓含以下無電梯),住家用,4,82.4,無
518,0,2,安樂區,有,住宅大樓(11層含以上有電梯),住家用,18,36.86,有
519,0,3,仁愛區,無,公寓(5樓含以下無電梯),住家用,5,103.65,無
520,0,1,中山區,無,透天厝,住家用,1,26.45,無
521,0,0,信義區,無,公寓(5樓含以下無電梯),住家用,4,56,無
522,1,0,安樂區,有,華廈(10層含以下有電梯),商辦用,9,127.73,有
523,0,2,暖暖區,無,公寓(5樓含以下無電梯),住家用,2,67.23,無
524,0,2,暖暖區,無,公寓(5樓含以下無電梯),住家用,5,74.74,無
525,0,3,七堵區,無,公寓(5樓含以下無電梯),住家用,5,79.8,無
526,0,3,暖暖區,有,華廈(10層含以下有電梯),住家用,6,61.09,有
527,0,6,安樂區,無,透天厝,住家用,2,126.76,無
528,0,1,中正區,無,公寓(5樓含以下無電梯),住家用,5,48.93,無
529,0,1,信義區,有,華廈(10層含以下有電梯),住家用,10,22.86,有
530,0,1,暖暖區,有,住宅大樓(11層含以上有電梯),住家用,11,25.95,有
531,0,3,暖暖區,無,公寓(5樓含以下無電梯),住家用,5,95.71,無
532,0,3,中正區,有,住宅大樓(11層含以上有電梯),住家用,12,53.38,有
533,0,3,中山區,無,公寓(5樓含以下無電梯),住家用,5,69.78,無
534,1,2,暖暖區,有,華廈(10層含以下有電梯),住家用,5,126.15,無
535,1,4,中正區,有,住宅大樓(11層含以上有電梯),住家用,21,112.92,有
536,0,3,信義區,無,公寓(5樓含以下無電梯),住家用,2,79.92,無
537,1,3,暖暖區,有,住宅大樓(11層含以上有電梯),住家用,12,84.33,有
538,1,3,中山區,無,公寓(5樓含以下無電梯),住商用,5,46.17,無
539,1,0,信義區,有,華廈(10層含以下有電梯),辦公用,6,90.98,有
540,0,3,安樂區,無,公寓(5樓含以下無電梯),住家用,5,73.09,無
541,0,3,安樂區,無,公寓(5樓含以下無電梯),住家用,5,72.41,無
542,1,1,暖暖區,有,住宅大樓(11層含以上有電梯),住家用,11,27.17,有
543,0,3,安樂區,無,公寓(5樓含以下無電梯),住家用,5,40.94,無
544,0,2,七堵區,無,公寓(5樓含以下無電梯),住家用,5,80.02,無
545,0,3,信義區,有,華廈(10層含以下有電梯),住家用,10,55.42,有
546,0,3,七堵區,無,公寓(5樓含以下無電梯),住家用,4,86.25,無
547,0,3,七堵區,無,公寓(5樓含以下無電梯),住家用,4,81.11,無
548,0,3,安樂區,有,住宅大樓(11層含以上有電梯),住家用,16,83.05,有
549,1,2,暖暖區,有,住宅大樓(11層含以上有電梯),住家用,11,45.86,有
550,1,3,仁愛區,有,華廈(10層含以下有電梯),住家用,7,67.95,有
551,0,3,信義區,有,華廈(10層含以下有電梯),住家用,10,79.3,有
552,0,1,七堵區,無,公寓(5樓含以下無電梯),住家用,4,77.12,無
553,0,0,仁愛區,有,華廈(10層含以下有電梯),商業用,10,610.17,有
554,1,4,七堵區,有,華廈(10層含以下有電梯),住家用,10,122.44,有
555,0,3,七堵區,無,公寓(5樓含以下無電梯),住家用,5,82.17,無
556,0,1,安樂區,有,住宅大樓(11層含以上有電梯),住家用,12,37.97,有
557,0,3,中正區,無,公寓(5樓含以下無電梯),住家用,5,81.68,無
558,0,3,信義區,有,住宅大樓(11層含以上有電梯),住家用,15,80.25,有
559,0,3,安樂區,無,公寓(5樓含以下無電梯),住家用,4,74.66,無
560,0,4,七堵區,無,公寓(5樓含以下無電梯),住家用,4,115.58,無
561,0,3,暖暖區,無,公寓(5樓含以下無電梯),住家用,5,75.43,無
562,0,2,安樂區,無,公寓(5樓含以下無電梯),住家用,5,54.35,有
563,0,3,安樂區,有,華廈(10層含以下有電梯),住家用,7,70.87,有
564,1,4,中正區,有,住宅大樓(11層含以上有電梯),住家用,15,80.78,有
565,0,3,安樂區,無,公寓(5樓含以下無電梯),住家用,4,74.74,無
566,0,2,仁愛區,無,公寓(5樓含以下無電梯),住家用,3,52.33,無
567,1,2,中正區,有,華廈(10層含以下有電梯),住家用,9,57.3,有
568,1,3,信義區,有,住宅大樓(11層含以上有電梯),住家用,15,113.76,有
569,0,3,信義區,無,公寓(5樓含以下無電梯),住家用,5,105.33,無
570,2,4,信義區,有,華廈(10層含以下有電梯),住家用,7,108.75,有
571,0,3,仁愛區,無,公寓(5樓含以下無電梯),住家用,4,84.78,無
572,0,3,暖暖區,有,華廈(10層含以下有電梯),住家用,6,50.78,有
573,0,3,安樂區,無,公寓(5樓含以下無電梯),住家用,5,90.98,無
574,0,1,安樂區,有,住宅大樓(11層含以上有電梯),住家用,20,19.83,有
575,1,4,安樂區,有,住宅大樓(11層含以上有電梯),住家用,13,50.55,有
576,0,3,安樂區,無,公寓(5樓含以下無電梯),住家用,5,81.23,無
577,0,0,仁愛區,無,公寓(5樓含以下無電梯),住商用,4,104.94,無
578,0,3,中正區,有,住宅大樓(11層含以上有電梯),住家用,17,84.45,有
579,0,2,中正區,有,住宅大樓(11層含以上有電梯),住家用,15,50.92,有
580,0,3,安樂區,有,住宅大樓(11層含以上有電梯),住家用,12,75.55,有
581,0,3,安樂區,無,公寓(5樓含以下無電梯),住家用,5,105.7,無
582,0,2,信義區,無,公寓(5樓含以下無電梯),住家用,4,56.98,無
583,1,4,信義區,無,透天厝,住家用,3,186.68,無
584,0,3,暖暖區,無,公寓(5樓含以下無電梯),住家用,4,80.28,無
585,0,2,中正區,無,公寓(5樓含以下無電梯),住家用,5,67.77,無
586,1,4,信義區,有,華廈(10層含以下有電梯),住家用,10,108.83,有
587,1,3,安樂區,有,華廈(10層含以下有電梯),住家用,7,101.28,有
588,1,5,安樂區,無,透天厝,住家用,5,212.69,無
589,0,4,七堵區,無,公寓(5樓含以下無電梯),住家用,5,73.38,無
590,2,3,安樂區,有,住宅大樓(11層含以上有電梯),住家用,12,113.82,有
591,1,2,七堵區,有,住宅大樓(11層含以上有電梯),住家用,13,60.45,有
592,1,2,中正區,有,華廈(10層含以下有電梯),住家用,9,58.54,有
593,0,3,七堵區,無,公寓(5樓含以下無電梯),住家用,4,86.99,無
594,0,3,信義區,無,公寓(5樓含以下無電梯),住家用,5,61.24,無
595,0,1,中山區,無,透天厝,住家用,1,38.45,無
596,0,2,中正區,有,住宅大樓(11層含以上有電梯),住家用,23,68.63,有
597,1,4,暖暖區,有,華廈(10層含以下有電梯),住家用,9,133.06,有
598,0,0,中山區,無,透天厝,住家用,1,44.45,無
599,0,3,信義區,有,華廈(10層含以下有電梯),住家用,10,55.38,有
600,0,4,安樂區,無,公寓(5樓含以下無電梯),住家用,5,75.49,無
601,0,3,中山區,無,公寓(5樓含以下無電梯),住家用,5,100.51,無
602,0,2,信義區,無,公寓(5樓含以下無電梯),住家用,4,65.74,無
603,0,3,安樂區,無,公寓(5樓含以下無電梯),住家用,5,88.23,無
604,0,3,信義區,有,華廈(10層含以下有電梯),住家用,7,79.66,有
605,0,3,中山區,無,公寓(5樓含以下無電梯),住家用,4,94.7,無
606,1,4,七堵區,有,住宅大樓(11層含以上有電梯),住家用,15,94.29,有
607,1,4,安樂區,有,住宅大樓(11層含以上有電梯),住家用,11,63.25,有
608,0,3,七堵區,無,公寓(5樓含以下無電梯),住家用,4,85.58,無
609,1,4,暖暖區,有,華廈(10層含以下有電梯),住家用,7,100.82,有
610,0,5,仁愛區,無,透天厝,住家用,2,138.34,無
611,0,3,安樂區,有,住宅大樓(11層含以上有電梯),住家用,16,94.74,有
612,0,3,中正區,有,住宅大樓(11層含以上有電梯),住家用,23,68.63,有
613,0,4,中正區,無,公寓(5樓含以下無電梯),住家用,6,94.75,無
614,0,3,七堵區,無,公寓(5樓含以下無電梯),住家用,4,83.35,無
615,1,3,中正區,有,住宅大樓(11層含以上有電梯),住家用,17,80.35,有
616,0,3,安樂區,無,公寓(5樓含以下無電梯),住家用,5,80.97,無
617,1,3,信義區,無,透天厝,住家用,4,175.49,無
618,1,3,安樂區,有,住宅大樓(11層含以上有電梯),住家用,15,131.79,有
619,0,5,安樂區,有,透天厝,住家用,5,321.44,有
620,0,3,安樂區,無,公寓(5樓含以下無電梯),住家用,5,90.98,無
621,0,2,安樂區,有,住宅大樓(11層含以上有電梯),住家用,12,56.09,有
622,1,3,信義區,有,住宅大樓(11層含以上有電梯),住家用,15,90.43,有
623,0,3,暖暖區,無,公寓(5樓含以下無電梯),住家用,4,87.3,無
624,0,4,信義區,無,公寓(5樓含以下無電梯),住家用,5,108.65,無
625,0,2,仁愛區,無,公寓(5樓含以下無電梯),住家用,4,74.23,無
626,0,2,安樂區,有,住宅大樓(11層含以上有電梯),住家用,12,49.6,有
627,0,3,安樂區,無,公寓(5樓含以下無電梯),住家用,5,70.14,無
628,1,3,安樂區,有,華廈(10層含以下有電梯),住家用,5,66.54,有
629,0,4,仁愛區,無,透天厝,住家用,3,101.49,無
630,0,3,中山區,無,公寓(5樓含以下無電梯),住家用,4,92.7,無
631,1,2,中山區,有,住宅大樓(11層含以上有電梯),住家用,15,47.02,有
632,1,2,中山區,有,住宅大樓(11層含以上有電梯),住家用,15,46.16,有
633,0,3,中正區,無,公寓(5樓含以下無電梯),住家用,5,78.51,無
634,1,2,中山區,有,住宅大樓(11層含以上有電梯),住家用,15,45.4,有
635,1,2,中山區,有,住宅大樓(11層含以上有電梯),住家用,15,45.97,有
636,1,2,中山區,有,住宅大樓(11層含以上有電梯),住家用,15,45.4,有
637,1,4,中山區,有,住宅大樓(11層含以上有電梯),住家用,15,76.06,有
638,1,2,中山區,有,住宅大樓(11層含以上有電梯),住家用,15,45.57,有
639,1,2,中山區,有,住宅大樓(11層含以上有電梯),住家用,14,47.71,有
640,1,4,中山區,有,住宅大樓(11層含以上有電梯),住家用,15,76.06,有
641,1,3,中山區,有,住宅大樓(11層含以上有電梯),住家用,15,58.92,有